Brand,Family,Reference,Name,Movement,Produced,Limited,Bezel,Glass,Back,Shape,Diameter,Height,Lug Width,W/R,Nickname,Color,Finish,Indexes,Hands,Price,Materials,image_file,image_file_processed
Audemars Piguet,Royal Oak,15202OR.OO.1240OR.01,Royal Oak Extra-Thin Pink Gold / Blue,"Audemars Piguet caliber AP 2121
Hours, Minutes | Date",2012,No,,Sapphire,Open,Other,39.00 mm,9.80 mm,,50.00 m,Petite Tapisserie,Blue,,Stick / Dot,Stick,"""57600""",,15202OR.OO.1240OR.01.jpg,processed_15202OR.OO.1240OR.01.jpg
Audemars Piguet,Royal Oak,15468BC.YG.1259BC.01,Royal Oak 37 Double Balance Wheel Openworked Frosted White Gold / Rainbow,"Audemars Piguet caliber AP 3132
Hours, Minutes, Seconds | Skeleton, Double Balance",2019,No,Gem-Set,Sapphire,Open,Other,37.00 mm,10.00 mm,,50.00 m,,Skeleton,,Stick / Dot,Stick,,,15468BC.YG.1259BC.01.jpg,processed_15468BC.YG.1259BC.01.jpg
Audemars Piguet,Royal Oak Offshore,26425BC.ZZ.8045BC.01,Royal Oak Offshore 43 White Gold - Baguette / Baguette / Bracelet,"Audemars Piguet caliber AP 4409
Hours, Minutes | Chronograph, Column wheel, Flyback",2022,No,Gem-Set,Sapphire,Open,Other,43.00 mm,15.50 mm,,100.00 m,Méga Tapisserie,Diamonds,Gloss,Stick / Dot,Stick,,"Ceramic, White Gold, Diamond",26425BC.ZZ.8045BC.01.jpg,processed_26425BC.ZZ.8045BC.01.jpg
Audemars Piguet,Royal Oak Offshore,26400AU.OO.A002CA.01,Royal Oak Offshore 26400 Ceramic / Forged Carbon,"Audemars Piguet caliber AP 3126 / 3840
Hours, Minutes, Small Seconds | Date | Chronograph",2013,No,,Sapphire,Open,Other,44.00 mm,14.11 mm,,100.00 m,,Black,,,Stick,,"Titanium, Ceramic, Carbon",26400AU.OO.A002CA.01.jpg,processed_26400AU.OO.A002CA.01.jpg
Audemars Piguet,Jules Audemars,26151PT.OO.D028CR.01,Jules Audemars Minute Repeater Jumping Hours Platinum / White,"Audemars Piguet caliber AP 2907
Minutes, Small Seconds, Jumping Hours | Minute Repeater",,No,,Sapphire,Open,Round,43.00 mm,12.00 mm,,20.00 m,,White,Gloss,Arabic Numerals,Feuille,,,26151PT.OO.D028CR.01.jpg,processed_26151PT.OO.D028CR.01.jpg
Audemars Piguet,CODE 11.59,15210OR.OO.A028CR.01,CODE 11.59 Automatic Pink Gold / Blue Gradient,"Audemars Piguet caliber AP 4302
Hours, Minutes, Seconds | Date",2020 - 2022,No,,Sapphire,Open,Round,41.00 mm,10.70 mm,,30.00 m,,Blue,Gradient,Mixed,Stick,"""30100""",,15210OR.OO.A028CR.01.jpg,processed_15210OR.OO.A028CR.01.jpg
Audemars Piguet,CODE 11.59,15210BC.OO.A002CR.01,CODE 11.59 Automatic White Gold / Black,"Audemars Piguet caliber AP 4302
Hours, Minutes, Seconds | Date",2019,No,,Sapphire,Open,Round,41.00 mm,10.70 mm,,30.00 m,,Black,Gloss,Mixed,Stick,"""27900""",,15210BC.OO.A002CR.01.jpg,processed_15210BC.OO.A002CR.01.jpg
Audemars Piguet,CODE 11.59,15210OR.ZZ.D208CR.01,CODE 11.59 Automatic Pink Gold / Diamond,"Audemars Piguet caliber AP 4309
Hours, Minutes, Seconds",2022,No,,Sapphire,Open,Round,41.00 mm,10.70 mm,,30.00 m,,Diamonds,Gloss,Mixed,Stick,,"Pink Gold, Diamond",15210OR.ZZ.D208CR.01.jpg,processed_15210OR.ZZ.D208CR.01.jpg
Audemars Piguet,Royal Oak Offshore,25721BA.O.1000BA.03,Royal Oak OffShore 25721 Chronograph Yellow Gold / Silver,"Audemars Piguet caliber AP 2226 / 2840
Hours, Minutes, Small Seconds | Date | Chronograph",,No,,Sapphire,Closed,Other,42.00 mm,,,,Grande Tapisserie,Silver,,Stick / Dot,Stick,,,25721BA.O.1000BA.03.jpg,processed_25721BA.O.1000BA.03.jpg
Audemars Piguet,Royal Oak,26240ST.OO.1320ST.05,Royal Oak Chronograph 41 Stainless Steel / Blue,"Audemars Piguet caliber AP 2385
Hours, Minutes, Small Seconds | Date | Chronograph, Column wheel",2022,No,,Sapphire,Closed,Other,41.00 mm,12.00 mm,,50.00 m,Grande Tapisserie,Blue,,Stick / Dot,Stick,,,26240ST.OO.1320ST.05.jpg,processed_26240ST.OO.1320ST.05.jpg
Audemars Piguet,Jules Audemars,15180OR.OO.A002CR.01,Jules Audemars 15180 Extra-Thin Pink Gold / Black,"Audemars Piguet caliber AP 2120
Hours, Minutes",,No,,Sapphire,Open,Round,41.00 mm,6.70 mm,,20.00 m,,Black,Gloss,Stick / Dot,Feuille,"""26200""",,15180OR.OO.A002CR.01.jpg,processed_15180OR.OO.A002CR.01.jpg
Bulgari,Octo,103077,Octo Finissimo Automatic Ceramic / Black / Bracelet,"Bulgari caliber BVL 138
Hours, Minutes, Small Seconds",2019,No,,Sapphire,Open,Other,40.00 mm,5.15 mm,,30.00 m,,Black,Matte,Mixed,Dauphine,"""19100""",,103077.jpg,processed_103077.jpg
Bulgari,Bulgari Bulgari,102355,Bulgari Solotempo 41.5 Blue,"Bulgari caliber BVL 191
Hours, Minutes, Seconds | Date",,No,,Sapphire,,Round,41.50 mm,9.86 mm,,,,Blue,Sunburst,Mixed,Sword,"""6050""",,102355.jpg,processed_102355.jpg
Bulgari,Bulgari Bulgari,102396,Bulgari Solotempo 41.5 Blue Bracelet,,,No,,Sapphire,Open,Round,41.50 mm,9.86 mm,,,,Blue,Sunburst,Mixed,Sword,"""6550""",,102396.jpg,processed_102396.jpg
Bulgari,B.Zero1,102397,B.Zero1 Stainless Steel Diamond,"Bulgari caliber B033
Hours, Minutes",,No,,Sapphire,Closed,Round,23.00 mm,,,30.00 m,,Blue,,Gem-Set Indexes,Feuille,"""5450""",,102397.jpg,processed_102397.jpg
Bulgari,Serpenti,102236,Serpenti Tubogas Two Tone Silver Double Tour,"Bulgari caliber B033
Hours, Minutes",,No,,Sapphire,Closed,Other,35.00 mm,,,,,Silver,,Mixed,Sword,"""13000""","Pink Gold, Stainless Steel",102236.jpg,processed_102236.jpg
Bulgari,Serpenti,101924,Serpenti Tubogas Yellow Gold Diamond,"Bulgari caliber B033
Hours, Minutes",,No,Gem-Set,Sapphire,Closed,Other,35.00 mm,,,,,Silver,,Mixed,Sword,"""29000""",,101924.jpg,processed_101924.jpg
Bulgari,Bulgari Bulgari,102140,Bulgari Velocissimo Two Tone,"Bulgari caliber BVL 328
Hours, Minutes, Small Seconds | Date | Chronograph, Column wheel",2013,No,Tachymeter,Sapphire,Open,Round,41.50 mm,12.73 mm,,,,Black,,Stick / Dot,Dauphine,"""13600""","Pink Gold, Stainless Steel",102140.jpg,processed_102140.jpg
Bulgari,Serpenti,102182,Serpenti Spiga Stainless Steel White,"Bulgari caliber B033
Hours, Minutes",,No,,Sapphire,Closed,Other,35.00 mm,,,,,White,,Mixed,Sword,"""5900""","Ceramic, Stainless Steel",102182.jpg,processed_102182.jpg
Bulgari,Serpenti,102237,Serpenti Tubogas Two Tone Silver Diamond,"Bulgari caliber B033
Hours, Minutes",,No,,Sapphire,Closed,Other,35.00 mm,,,,,Silver,,Mixed,Sword,"""11800""","Pink Gold, Stainless Steel",102237.jpg,processed_102237.jpg
Bulgari,Serpenti,102780,Serpenti Skin Stainless Steel / Diamond / Red,"Bulgari caliber B033
Hours, Minutes",2017,No,Gem-Set,Sapphire,Closed,Other,27.00 mm,,,,,Red,Guilloche,Mixed,Sword,"""6450""",,102780.jpg,processed_102780.jpg
Bulgari,Bulgari Bulgari,101869,Bulgari Solotempo 39 Pink Gold White,"Bulgari caliber BVL 191
Hours, Minutes, Seconds | Date",,No,,Sapphire,Open,Round,39.00 mm,9.91 mm,,,,White,,Mixed,Sword,"""19000""",,101869.jpg,processed_101869.jpg
Bulgari,B.Zero1,102179,B.Zero1 Stainless Steel,"Bulgari caliber B033
Hours, Minutes",,No,,Sapphire,Closed,Round,23.00 mm,,,30.00 m,,Black,,Gem-Set Indexes,Feuille,"""2550""",,102179.jpg,processed_102179.jpg
Bulgari,Bulgari Bulgari,101868,Bulgari Solotempo 41.5 Black Bracelet,"Bulgari caliber BVL 191
Hours, Minutes, Seconds | Date",,No,,Sapphire,Open,Round,41.50 mm,9.86 mm,,,,Black,,Mixed,Sword,"""6550""",,101868.jpg,processed_101868.jpg
Bulgari,Serpenti,102781,Serpenti Skin Stainless Steel / Diamond / MOP,"Bulgari caliber B033
Hours, Minutes",2017,No,Gem-Set,Sapphire,Closed,Other,27.00 mm,,,,,White,,Mixed,Sword,"""6450""",,102781.jpg,processed_102781.jpg
Bulgari,Serpenti,101923,Serpenti Tubogas Yellow Gold Diamond Double Tour,"Bulgari caliber B033
Hours, Minutes",,No,Gem-Set,Sapphire,Closed,Other,35.00 mm,,,,,Silver,,Mixed,Sword,"""37700""",,101923.jpg,processed_101923.jpg
Bulgari,Octo,103113,Octo Finissimo Automatic Titanium / Grey / AV,"Bulgari caliber BVL 138
Hours, Minutes, Small Seconds",2017,No,,Sapphire,Open,Other,40.00 mm,5.15 mm,,30.00 m,,Grey,Matte,Mixed,Dauphine,,,103113.jpg,processed_103113.jpg
Bulgari,Serpenti,102782,Serpenti Skin Stainless Steel / Black,"Bulgari caliber B033
Hours, Minutes",2017,No,,Sapphire,Closed,Other,27.00 mm,,,,,Black,,Mixed,Sword,"""3950""",,102782.jpg,processed_102782.jpg
Bulgari,Serpenti,102726,Serpenti Skin Pink Gold / Green,"Bulgari caliber B033
Hours, Minutes",2017,No,,Sapphire,Closed,Other,27.00 mm,,,,,Green,Guilloche,Mixed,Sword,"""7600""",,102726.jpg,processed_102726.jpg
Bulgari,Bulgari Bulgari,102108,Bulgari Solotempo 39 Two Tone,"Bulgari caliber BVL 191
Hours, Minutes, Seconds | Date",,No,,Sapphire,Open,Round,39.00 mm,9.91 mm,,,,Silver,,Mixed,Sword,"""9450""","Pink Gold, Stainless Steel",102108.jpg,processed_102108.jpg
Bulgari,Serpenti,102727,Serpenti Skin Pink Gold / Diamond / MOP,"Bulgari caliber B033
Hours, Minutes",2017,No,Gem-Set,Sapphire,Closed,Other,27.00 mm,,,,,White,Gloss,Mixed,Sword,"""9950""",,102727.jpg,processed_102727.jpg
Bulgari,Bulgari Bulgari,102055,Bulgari Solotempo 41.5 White Bracelet,"Bulgari caliber BVL 191
Hours, Minutes, Seconds | Date",,No,,Sapphire,Open,Round,41.50 mm,9.86 mm,,,,White,,Mixed,Sword,"""6550""",,102055.jpg,processed_102055.jpg
Bulgari,Bulgari Bulgari,102043,Bulgari Velocissimo,"Bulgari caliber BVL 328
Hours, Minutes, Small Seconds | Date | Chronograph, Column wheel",2013,No,Tachymeter,Sapphire,Open,Round,41.50 mm,12.73 mm,,,,Black,,Stick / Dot,Dauphine,"""8500""",,102043.jpg,processed_102043.jpg
Bulgari,B.Zero1,102321,B.Zero1 Two Tone Brown,"Bulgari caliber B033
Hours, Minutes",,No,,Sapphire,Closed,Round,23.00 mm,,,30.00 m,,Brown,,Gem-Set Indexes,Feuille,"""5450""","Pink Gold, Stainless Steel",102321.jpg,processed_102321.jpg
Bulgari,Serpenti,101827,Serpenti Tubogas Silver Diamond Large,"Bulgari caliber B033
Hours, Minutes",,No,Gem-Set,Sapphire,Closed,Other,35.00 mm,,,,,Silver,,Mixed,Sword,"""8300""",,101827.jpg,processed_101827.jpg
Bulgari,Serpenti,102123,Serpenti Tubogas Two Tone Black,"Bulgari caliber B033
Hours, Minutes",,No,,Sapphire,Closed,Other,35.00 mm,,,,,Black,,Mixed,Sword,"""8600""","Pink Gold, Stainless Steel",102123.jpg,processed_102123.jpg
Bulgari,B.Zero1,102320,B.Zero1 Two Tone Bracelet,"Bulgari caliber B033
Hours, Minutes",,No,,Sapphire,Closed,Round,23.00 mm,,,30.00 m,,White,,Gem-Set Indexes,Feuille,"""5500""","Pink Gold, Stainless Steel",102320.jpg,processed_102320.jpg
Bulgari,Serpenti,102730,Serpenti Skin Pink Gold / Diamond / Red,"Bulgari caliber B033
Hours, Minutes",2017,No,Gem-Set,Sapphire,Closed,Other,27.00 mm,,,,,Red,Guilloche,Mixed,Sword,"""9950""",,102730.jpg,processed_102730.jpg
Bulgari,Bulgari Bulgari,102056,Bulgari Solotempo 41.5 White,"Bulgari caliber BVL 191
Hours, Minutes, Seconds | Date",,No,,Sapphire,Open,Round,41.50 mm,9.86 mm,9.86 mm,,,White,,Mixed,Sword,"""6050""",,102056.jpg,processed_102056.jpg
Bulgari,B.Zero1,102085,B.Zero1 Steel Ceramic Black,"Bulgari caliber B033
Hours, Minutes",,No,,Sapphire,Closed,Round,23.00 mm,,,30.00 m,,Black,,Gem-Set Indexes,Feuille,"""2950""","Ceramic, Stainless Steel",102085.jpg,processed_102085.jpg
Bulgari,Serpenti,101956,Serpenti Tubogas Pink Gold Diamond Double Tour,"Bulgari caliber B033
Hours, Minutes",,No,,Sapphire,Closed,Other,35.00 mm,,,,,Paved,,Gem-Set Indexes,Sword,"""48500""",,101956.jpg,processed_101956.jpg
Bulgari,Octo,103563,Octo Finissimo Automatic Tatsuo Miyajima / Ceramic,"Bulgari caliber BVL 138
Hours, Minutes, Small Seconds",2021,"Yes, 120 units",,Sapphire,Open,Other,40.00 mm,5.15 mm,,30.00 m,,Blue,Matte,,Dauphine,,,103563.jpg,processed_103563.jpg
Bulgari,B.Zero1,102319,B.Zero1 Stainless Steel Black Bracelet,"Bulgari caliber B033
Hours, Minutes",,No,,Sapphire,Closed,Round,23.00 mm,,,30.00 m,,Black,,Gem-Set Indexes,Feuille,"""2750""",,102319.jpg,processed_102319.jpg
Bulgari,Bulgari Bulgari,102053,Bulgari Solotempo 41.5 Two Tone White Bracelet,"Bulgari caliber BVL 191
Hours, Minutes, Seconds | Date",,No,,Sapphire,Open,Round,41.50 mm,9.86 mm,,,,White,,Mixed,Sword,"""11000""","Pink Gold, Stainless Steel",102053.jpg,processed_102053.jpg
Bulgari,Bulgari Bulgari,102045,Bulgari Velocissimo,"Bulgari caliber BVL 328
Hours, Minutes, Small Seconds | Date | Chronograph, Column wheel",2013,No,Tachymeter,Sapphire,Open,Round,41.50 mm,12.73 mm,,,,Black,,Stick / Dot,Dauphine,"""9000""",,102045.jpg,processed_102045.jpg
Bulgari,B.Zero1,102086,B.Zero1 Steel Ceramic White,"Bulgari caliber B033
Hours, Minutes",,No,,Sapphire,Closed,Round,23.00 mm,,,30.00 m,,White,,Gem-Set Indexes,Feuille,"""2950""",,102086.jpg,processed_102086.jpg
Bulgari,Octo,103011,Octo Finissimo Automatic Stainless Steel / Grey / Bracelet,"Bulgari caliber BVL 138
Hours, Minutes, Small Seconds",2018,No,,Sapphire,Open,Other,40.00 mm,5.15 mm,,30.00 m,,Grey,Matte,Mixed,Dauphine,"""12900""",,103011.jpg,processed_103011.jpg
Bulgari,B.Zero1,102087,B.Zero1 Pink Gold Ceramic Black,"Bulgari caliber B033
Hours, Minutes",,No,,Sapphire,Closed,Round,23.00 mm,,,30.00 m,,Black,,Gem-Set Indexes,Feuille,"""5850""","Pink Gold, Ceramic",102087.jpg,processed_102087.jpg
Bulgari,Bulgari Bulgari,102044,Bulgari Velocissimo Pink Gold,"Bulgari caliber BVL 328
Hours, Minutes, Small Seconds | Date | Chronograph, Column wheel",2013,No,Tachymeter,Sapphire,Open,Round,41.50 mm,12.73 mm,,,,Black,,Stick / Dot,Dauphine,"""21450""",,102044.jpg,processed_102044.jpg
Bulgari,Serpenti,102129,Serpenti Spiga Stainless Steel Black,"Bulgari caliber B033
Hours, Minutes",,No,Gem-Set,Sapphire,Closed,Other,35.00 mm,,,,,Black,,Mixed,Sword,"""9850""","Ceramic, Stainless Steel",102129.jpg,processed_102129.jpg
Bulgari,Serpenti,102128,Serpenti Spiga Pink Gold Black,"Bulgari caliber B033
Hours, Minutes",,No,Gem-Set,Sapphire,Closed,Other,35.00 mm,,,,,Black,,Mixed,Sword,"""30800""","Pink Gold, Ceramic",102128.jpg,processed_102128.jpg
Bulgari,Octo,102704,Octo Roma 41 Stainless Steel / Black / Bracelet,"Bulgari caliber BVL 191
Hours, Minutes, Seconds | Date",2017,No,,Sapphire,Open,Other,41.00 mm,,23.50 mm,100.00 m,,Black,Gloss,Stick / Dot,Dauphine,"""6350""",,102704.jpg,processed_102704.jpg
Bulgari,Octo,102116,Octo Velocissimo,"Bulgari caliber BVL 328
Hours, Minutes, Small Seconds | Date | Chronograph, Column wheel",2014,No,,Sapphire,Open,Other,41.00 mm,,30.00 mm,100.00 m,,Black,,Stick / Dot,Dauphine,"""9900""",,102116.jpg,processed_102116.jpg
Bulgari,Bulgari Bulgari,102261,Bulgari Solotempo 39 Pink Gold Black,"Bulgari caliber BVL 191
Hours, Minutes, Seconds | Date",,No,,Sapphire,Open,Round,39.00 mm,9.91 mm,,,,Black,,Mixed,Sword,"""19000""",,102261.jpg,processed_102261.jpg
Bulgari,B.Zero1,102088,B.Zero1 Pink Gold Ceramic White,"Bulgari caliber B033
Hours, Minutes",,No,,Sapphire,Closed,Round,23.00 mm,,,30.00 m,,White,Gloss,Gem-Set Indexes,Feuille,"""5850""","Pink Gold, Ceramic",102088.jpg,processed_102088.jpg
Bulgari,Serpenti,102098,Serpenti Tubogas Two Tone Black Diamond,"Bulgari caliber B033
Hours, Minutes",,No,Gem-Set,Sapphire,Closed,Other,35.00 mm,,,,,Black,,Mixed,Sword,"""11800""","Pink Gold, Stainless Steel",102098.jpg,processed_102098.jpg
Bulgari,Serpenti,101817,Serpenti Tubogas Silver,"Bulgari caliber B033
Hours, Minutes",,No,,Sapphire,Closed,Other,35.00 mm,,,,,Silver,,Mixed,Sword,"""5100""",,101817.jpg,processed_101817.jpg
Bulgari,Bulgari Bulgari,102106,Bulgari Solotempo 39 Pink Gold Silver Bracelet,"Bulgari caliber BVL 191
Hours, Minutes, Seconds | Date",,No,,Sapphire,Open,Round,39.00 mm,9.91 mm,,,,Silver,,Mixed,Sword,"""35000""",,102106.jpg,processed_102106.jpg
Bulgari,Serpenti,101816,Serpenti Tubogas Silver Diamond,"Bulgari caliber B033
Hours, Minutes",,No,,Sapphire,Closed,Other,35.00 mm,,,,,Silver,,Mixed,Sword,"""8300""",,101816.jpg,processed_101816.jpg
Bulgari,Serpenti,102099,Serpenti Tubogas Two Tone Black Diamond Double Tour,"Bulgari caliber B033
Hours, Minutes",,No,,Sapphire,Closed,Other,35.00 mm,,,,,Black,,Mixed,Sword,"""16200""","Pink Gold, Stainless Steel",102099.jpg,processed_102099.jpg
Bulgari,Serpenti,101814,Serpenti Tubogas Pink Gold Black Diamond Double Tour,"Bulgari caliber B033
Hours, Minutes",,No,Gem-Set,Sapphire,Closed,Other,35.00 mm,,,,,Black,,Mixed,Sword,"""37700""",,101814.jpg,processed_101814.jpg
Bulgari,Serpenti,101828,Serpenti Tubogas Silver Large,"Bulgari caliber B033
Hours, Minutes",,No,,Sapphire,Closed,Other,35.00 mm,,,,,Silver,,Mixed,Sword,"""5100""",,101828.jpg,processed_101828.jpg
Bulgari,Octo,102104,Octo Solotempo 38 Black Bracelet,"Bulgari caliber BVL 191
Hours, Minutes, Seconds | Date",,No,,Sapphire,Open,Other,38.00 mm,,,100.00 m,,Black,Gloss,Stick / Dot,Dauphine,"""7000""",,102104.jpg,processed_102104.jpg
Bulgari,Bulgari Bulgari,102110,Bulgari Solotempo 39 Silver Bracelet,"Bulgari caliber BVL 191
Hours, Minutes, Seconds | Date",,No,,Sapphire,,Round,39.00 mm,9.91 mm,,,,Silver,,Mixed,Sword,"""6100""",,102110.jpg,processed_102110.jpg
Bulgari,Bulgari Bulgari,102111,Bulgari Solotempo 39 Silver,"Bulgari caliber BVL 191
Hours, Minutes, Seconds | Date",,No,,Sapphire,Open,Round,39.00 mm,9.91 mm,,,,Silver,,Mixed,Sword,"""5600""",,102111.jpg,processed_102111.jpg
Bulgari,Octo,102105,Octo Solotempo 38 Blue Bracelet,"Bulgari caliber BVL 191
Hours, Minutes, Seconds | Date",,No,,Sapphire,Open,Other,38.00 mm,10.35 mm,,100.00 m,,Blue,Gloss,Stick / Dot,Dauphine,"""7000""",,102105.jpg,processed_102105.jpg
Bulgari,Serpenti,101815,Serpenti Tubogas Pink Gold Black Diamond,"Bulgari caliber B033
Hours, Minutes",,No,Gem-Set,Sapphire,Closed,Other,35.00 mm,,,,,Black,,Mixed,Sword,"""29000""",,101815.jpg,processed_101815.jpg
Bulgari,B.Zero1,102176,B.Zero1 Pink Gold,"Bulgari caliber B033
Hours, Minutes",,No,,Sapphire,Closed,Round,23.00 mm,,,30.00 m,,White,,Gem-Set Indexes,Feuille,"""5350""","Pink Gold, Ceramic, Stainless Steel",102176.jpg,processed_102176.jpg
Bulgari,Bulgari Bulgari,101867,Bulgari Solotempo 41.5 Black,"Bulgari caliber BVL 191
Hours, Minutes, Seconds | Date",,No,,Sapphire,Open,Round,41.50 mm,9.86 mm,,,,Black,,Mixed,Sword,"""6050""",,101867.jpg,processed_101867.jpg
Bulgari,Serpenti,101911,Serpenti Tubogas Silver Double Tour,"Bulgari caliber B033
Hours, Minutes",,No,,Sapphire,Closed,Other,35.00 mm,,,,,Silver,,Mixed,Sword,"""7300""",,101911.jpg,processed_101911.jpg
Bulgari,Serpenti,101910,Serpenti Tubogas Silver Diamond Double Tour,"Bulgari caliber B033
Hours, Minutes",,No,,Sapphire,Closed,Other,35.00 mm,,,,,Silver,,Mixed,Sword,"""10500""",,101910.jpg,processed_101910.jpg
Bulgari,Serpenti,102202,Serpenti Spiga Pink Gold White,"Bulgari caliber B033
Hours, Minutes",,No,,Sapphire,Closed,Other,35.00 mm,,,,,White,,Mixed,Sword,"""21500""","Pink Gold, Ceramic",102202.jpg,processed_102202.jpg
Bulgari,B.Zero1,102398,B.Zero1 Two Tone Diamond,"Bulgari caliber B033
Hours, Minutes",,No,Gem-Set,Sapphire,Closed,Round,23.00 mm,,,30.00 m,,White,,Gem-Set Indexes,Feuille,"""7650""",,102398.jpg,processed_102398.jpg
Bulgari,Serpenti,102005,Serpenti Tubogas White Gold Diamond,"Bulgari caliber B033
Hours, Minutes",,No,Gem-Set,Sapphire,Closed,Other,35.00 mm,,,,,Paved,,Gem-Set Indexes,Sword,"""33750""",,102005.jpg,processed_102005.jpg
IWC,Portugieser,IW5001-25,Portuguese Automatic Red Gold / Year of the Dragon,"IWC caliber 51011
Hours, Minutes, Small Seconds | Date | Power Reserve Indicator",2012 - 2012,"Yes, 888 units",,Sapphire,Open,Round,42.30 mm,13.90 mm,22.00 mm,30.00 m,Anthracite,Grey,,Arabic Numerals,Feuille,"""23100""",,IW5001-25.jpg,processed_IW5001-25.jpg
IWC,Pilot,IW3787-08,Pilot's Watch Chronograph Spitfire Collectors Forum CF3,"IWC caliber 89365
Hours, Minutes, Small Seconds | Date | Chronograph, Flyback",2016 - 2016,"Yes, 250 units",,Sapphire,Closed,Round,43.00 mm,15.50 mm,,60.00 m,,Black,,Arabic Numerals,Alpha,,,IW3787-08.jpg,processed_IW3787-08.jpg
IWC,Ingenieur,IW1832-01,Ingenieur SL Jumbo Stainless Steel / Black,"IWC caliber 8541 ES
Hours, Minutes, Seconds | Date",1977 - 1980,No,,Sapphire,Closed,Cushion,38.00 mm,,,120.00 m,,Black,,Stick / Dot,Stick,,,IW1832-01.jpg,processed_IW1832-01.jpg
IWC,Portofino,IW3910-08,Portofino Chronograph Stainless Steel / Black,"IWC caliber 75320
Hours, Minutes, Small Seconds | Date, Day | Chronograph",2011 - 2019,No,,Sapphire,Closed,Round,42.00 mm,13.50 mm,,30.00 m,,Black,,Stick / Dot,Feuille,"""5650""",,IW3910-08.jpg,processed_IW3910-08.jpg
IWC,Ingenieur,IW4515-03,Ingenieur Midsize Gold Index,"IWC caliber 30110
Hours, Minutes, Seconds | Date",,No,,Sapphire,Closed,Round,34.00 mm,10.00 mm,,120.00 m,,Silver,,Stick / Dot,Stick,"""3640""",,IW4515-03.jpg,processed_IW4515-03.jpg
IWC,Portugieser,IW3266-06,Portugieser Yacht Club Worldtimer Stainless Steel / Solaris,"IWC caliber 35750
Hours, Minutes, Seconds, World Time | Date",2017,"Yes, 100 units",,Sapphire,Closed,Round,45.40 mm,14.00 mm,22.00 mm,60.00 m,,Blue,,Arabic Numerals,Feuille,,,IW3266-06.jpg,processed_IW3266-06.jpg
IWC,Portugieser,IW3583-13,Portugieser Automatic 40 Stainless Steel / Salmon,"IWC caliber 82200
Hours, Minutes, Small Seconds",2023,No,,Sapphire,Open,Round,40.40 mm,12.40 mm,20.00 mm,30.00 m,,Pink,Sunburst,Arabic Numerals,Feuille,"""7700""",,IW3583-13.jpg,processed_IW3583-13.jpg
IWC,Ingenieur,IW4515-01,Ingenieur Midsize Silver,"IWC caliber 30110
Hours, Minutes, Seconds | Date",,No,,Sapphire,Closed,Round,34.00 mm,10.00 mm,,120.00 m,,Silver,,Stick / Dot,Stick,"""3640""",,IW4515-01.jpg,processed_IW4515-01.jpg
IWC,Portugieser,IW5001-09,Portuguese Automatic Stainless Steel / Black,"IWC caliber 51011
Hours, Minutes, Small Seconds | Date | Power Reserve Indicator",2004 - 2015,No,,Sapphire,Open,Round,42.30 mm,13.90 mm,22.00 mm,30.00 m,,Black,,Arabic Numerals,Feuille,"""12100""",,IW5001-09.jpg,processed_IW5001-09.jpg
IWC,Ingenieur,IW3227-02,Ingenieur Automatic AMG / Bracelet,"IWC caliber 80110
Hours, Minutes, Seconds | Date",2005 - 2009,No,,Sapphire,Closed,Round,42.50 mm,14.50 mm,,120.00 m,,Black,,Mixed,Stick,"""5900""",,IW3227-02.jpg,processed_IW3227-02.jpg
IWC,Ingenieur,IW3239-02,Ingenieur Automatic Black,"IWC caliber 30110
Hours, Minutes, Seconds | Date",2013,No,,Sapphire,Closed,Round,40.00 mm,10.00 mm,,120.00 m,,Black,,Stick / Dot,Stick,"""6250""",,IW3239-02.jpg,processed_IW3239-02.jpg
IWC,Ingenieur,IW3227-03,Ingenieur Automatic AMG / Soft Strap,"IWC caliber 80110
Hours, Minutes, Seconds | Date",2005 - 2009,No,,Sapphire,Closed,Round,42.50 mm,14.50 mm,,120.00 m,,Black,,Arabic Numerals,Stick,"""5100""",,IW3227-03.jpg,processed_IW3227-03.jpg
IWC,Portugieser,IW3714-38,Portuguese Chrono-Automatic Stainless Steel / Black,"IWC caliber 79350
Hours, Minutes | Chronograph",2006 - 2012,No,,Sapphire,Closed,Round,40.90 mm,12.30 mm,20.00 mm,30.00 m,,Black,,Arabic Numerals,Feuille,"""7400""",,IW3714-38.jpg,processed_IW3714-38.jpg
IWC,Portofino,IW3564-03,Portofino Midsize Rose Gold / Silver,"IWC caliber 30110
Hours, Minutes, Seconds | Date",2007 - 2008,No,,Sapphire,Closed,Round,34.00 mm,8.20 mm,,30.00 m,,Silver,,Stick / Dot,Feuille,"""5100""",,IW3564-03.jpg,processed_IW3564-03.jpg
IWC,Pilot,IW3706-07,Pilot's Watch Chronograph Stainless Steel / Black / English / Bracelet,"IWC caliber 7922
Hours, Minutes, Small Seconds | Date, Day | Chronograph",1994 - 2005,No,,Sapphire,Closed,Round,39.00 mm,14.60 mm,20.00 mm,60.00 m,,Black,,Arabic Numerals,Stick,"""4550""",,IW3706-07.jpg,processed_IW3706-07.jpg
IWC,Ingenieur,IW3505-11,Ingenieur SL Automatic Stainless Steel / Yellow Gold / White / Bracelet,"IWC caliber 375
Hours, Minutes, Seconds | Date",1983 - 1990,No,,Sapphire,Closed,Round,34.00 mm,8.60 mm,,120.00 m,,White,,Stick / Dot,Stick,,"Yellow Gold, Stainless Steel",IW3505-11.jpg,processed_IW3505-11.jpg
IWC,Portugieser,IW3716-02,"Portugieser Chronograph ""150 Years"" Stainless Steel / White","IWC caliber 69355
Hours, Minutes, Small Seconds | Chronograph, Column wheel",2018,"Yes, 2000 units",,Sapphire,Open,Round,41.00 mm,13.10 mm,20.00 mm,30.00 m,,White,,Arabic Numerals,Feuille,"""8000""",,IW3716-02.jpg,processed_IW3716-02.jpg
IWC,Pilot,IW3777-17,Pilot's Watch Chronograph Stainless Steel / Le Petit Prince / Bracelet,"IWC caliber 79320
Hours, Minutes, Small Seconds | Date, Day | Chronograph",2016 - 2022,No,,Sapphire,Closed,Round,43.00 mm,15.00 mm,21.00 mm,60.00 m,,Blue,,Arabic Numerals,Alpha,"""6650""",,IW3777-17.jpg,processed_IW3777-17.jpg
IWC,Portugieser,IW3714-17,Portuguese Chrono-Automatic Stainless Steel / Silver,"IWC caliber 79350
Hours, Minutes | Chronograph",1998 - 2016,No,,Sapphire,Closed,Round,40.90 mm,12.30 mm,20.00 mm,30.00 m,,Silver,,Arabic Numerals,Feuille,"""7400""",,IW3714-17.jpg,processed_IW3714-17.jpg
IWC,Ingenieur,IW3505-01,Ingenieur SL Automatic Stainless Steel / White / Bracelet,"IWC caliber 375
Hours, Minutes, Seconds | Date",1983 - 1990,No,,Sapphire,Closed,Round,34.00 mm,8.60 mm,,120.00 m,,White,,Stick / Dot,Stick,,,IW3505-01.jpg,processed_IW3505-01.jpg
IWC,Pilot,IW3706-03,Pilot's Watch Chronograph Stainless Steel / Black / English / Strap,"IWC caliber 7922
Hours, Minutes, Small Seconds | Date, Day | Chronograph",1994 - 2005,No,,Sapphire,Closed,Round,39.00 mm,14.60 mm,20.00 mm,60.00 m,,Black,,Arabic Numerals,Stick,"""3410""",,IW3706-03.jpg,processed_IW3706-03.jpg
IWC,Pilot,IW3891-01,Pilot's Watch Chronograph Top Gun,"IWC caliber 69380
Hours, Minutes, Small Seconds | Date, Day | Chronograph, Column wheel",2019,No,,Sapphire,Closed,Round,44.50 mm,15.70 mm,21.00 mm,60.00 m,,Black,Matte,Arabic Numerals,Alpha,"""8450""","Titanium, Ceramic",IW3891-01.jpg,processed_IW3891-01.jpg
IWC,Portugieser,IW3714-02,Portuguese Chrono-Automatic Rose Gold / Silver,"IWC caliber 79350
Hours, Minutes | Chronograph",1998 - 2011,No,,Sapphire,Closed,Round,40.90 mm,12.30 mm,20.00 mm,30.00 m,,Silver,,Arabic Numerals,Feuille,"""11700""",,IW3714-02.jpg,processed_IW3714-02.jpg
IWC,Ingenieur,IW3521-01,Ingenieur SL Chronometer Stainless Steel / White / Bracelet,"IWC caliber 8872
Hours, Minutes, Seconds | Date | Chronometer",1993 - 2000,No,,Sapphire,Closed,Round,34.00 mm,8.80 mm,,120.00 m,,White,,Stick / Dot,Stick,,,IW3521-01.jpg,processed_IW3521-01.jpg
IWC,Portofino,IW4581-06,Portofino Automatic 37 Red Gold / Ardoise,"IWC caliber 35111
Hours, Minutes, Seconds | Date",,No,,Sapphire,Closed,Round,37.00 mm,9.00 mm,,30.00 m,Ardiose,Grey,,Gem-Set Indexes,Feuille,"""13300""",,IW4581-06.jpg,processed_IW4581-06.jpg
IWC,Portofino,IW3564-05,Portofino Midsize Stainless Steel / Blue,"IWC caliber 30110
Hours, Minutes, Seconds | Date",2007 - 2008,No,,Sapphire,Closed,Round,34.00 mm,8.20 mm,,30.00 m,,Blue,,Stick / Dot,Feuille,"""2340""",,IW3564-05.jpg,processed_IW3564-05.jpg
IWC,Portofino,IW3574-16,Portofino 34 Stainless Steel / Sunny Blue,"IWC caliber 35100
Hours, Minutes, Seconds",2022,No,,Sapphire,Closed,Round,34.00 mm,8.60 mm,16.00 mm,30.00 m,,Blue,Sunburst,Stick / Dot,Feuille,,,IW3574-16.jpg,processed_IW3574-16.jpg
IWC,Ingenieur,IW3505-03,Ingenieur SL Automatic Stainless Steel / Silver / Bracelet,"IWC caliber 375
Hours, Minutes, Seconds | Date",1983 - 1990,No,,Sapphire,Closed,Round,34.00 mm,8.60 mm,,120.00 m,,Silver,,Stick / Dot,Stick,,,IW3505-03.jpg,processed_IW3505-03.jpg
IWC,Portugieser,IW3714-01,Portuguese Chrono-Automatic Stainless Steel / Silver,"IWC caliber 79350
Hours, Minutes | Chronograph",1998 - 2012,No,,Sapphire,Closed,Round,40.90 mm,12.30 mm,20.00 mm,30.00 m,,Silver,,Arabic Numerals,Feuille,"""7400""",,IW3714-01.jpg,processed_IW3714-01.jpg
IWC,Pilot,IW3777-01,Pilot's Watch Chronograph Stainless Steel / Black / Strap,"IWC caliber 79320
Hours, Minutes, Small Seconds | Date, Day | Chronograph",2012 - 2016,No,,Sapphire,Closed,Round,43.00 mm,15.00 mm,21.00 mm,60.00 m,,Black,,Arabic Numerals,Alpha,"""5700""",,IW3777-01.jpg,processed_IW3777-01.jpg
IWC,Portofino,IW3563-02,Portofino Automatic Rose Gold / Silver,"IWC caliber 30110
Hours, Minutes, Seconds | Date",2007 - 2010,No,,Sapphire,Closed,Round,39.00 mm,8.60 mm,20.00 mm,30.00 m,,Silver,,Stick / Dot,Feuille,"""6750""",,IW3563-02.jpg,processed_IW3563-02.jpg
IWC,Ingenieur,IW3725-04,Ingenieur Chronograph AMG Strap,"IWC caliber 79350
Hours, Minutes | Chronograph",2005 - 2008,No,,Sapphire,Closed,Round,42.50 mm,13.50 mm,,120.00 m,,Black,,Stick / Dot,Stick,"""5500""",,IW3725-04.jpg,processed_IW3725-04.jpg
IWC,Portugieser,IW5007-07,Portugieser Automatic 5007 Stainless Steel / Silver / Ginza,"IWC caliber 52010
Hours, Minutes, Small Seconds | Date | Power Reserve Indicator",2015,"Yes, 55 units",,Sapphire,Open,Round,42.30 mm,14.50 mm,,30.00 m,,Grey,,Arabic Numerals,Feuille,,,IW5007-07.jpg,processed_IW5007-07.jpg
IWC,Pilot,IW3777-31,Pilot's Watch Chronograph Solidarity with Beirut,"IWC caliber 79320
Hours, Minutes, Small Seconds | Date, Day | Chronograph",2019,"Yes, 1000 units",,Sapphire,Closed,Round,43.00 mm,15.00 mm,21.00 mm,60.00 m,,Green,,Arabic Numerals,Alpha,,,IW3777-31.jpg,processed_IW3777-31.jpg
IWC,Portofino,IW3563-03,Portofino Automatic Stainless Steel / Silver,"IWC caliber 30110
Hours, Minutes, Seconds | Date",2007 - 2010,No,,Sapphire,Closed,Round,39.00 mm,8.60 mm,20.00 mm,30.00 m,,Silver,,Stick / Dot,Feuille,"""2850""",,IW3563-03.jpg,processed_IW3563-03.jpg
IWC,Pilot,IW3251-01,Pilot's Watch UTC Stainless Steel / Black / Strap,"IWC caliber 37526
Hours, Minutes, Seconds, World Time, Additional 24 Hour Hand (adjustable) | Date",1998 - 2005,No,,Sapphire,Closed,Round,39.00 mm,13.50 mm,20.00 mm,60.00 m,,Black,,Arabic Numerals,Losange,"""3410""",,IW3251-01.jpg,processed_IW3251-01.jpg
IWC,Portofino,IW3590-02,Portofino Complete Calendar 41 Rose Gold / Silver,"IWC caliber 32150
Hours, Minutes, Seconds | Date, Day, Month | Moonphase",2023,No,,Sapphire,Open,Round,41.00 mm,11.70 mm,20.00 mm,50.00 m,,Silver,Matte,Stick / Dot,Feuille,"""21000""",,IW3590-02.jpg,processed_IW3590-02.jpg
IWC,Ingenieur,IW5005-01,Big Ingenieur Black / Alligator,"IWC caliber 51113
Hours, Minutes, Seconds | Date | Power Reserve Indicator",2007 - 2011,No,,Sapphire,Open,Round,45.50 mm,15.00 mm,,120.00 m,,Black,,Stick / Dot,Stick,"""11100""",,IW5005-01.jpg,processed_IW5005-01.jpg
IWC,Ingenieur,IW5005-05,Big Ingenieur Black,"IWC caliber 51113
Hours, Minutes, Seconds | Date | Power Reserve Indicator",2007 - 2011,No,,Sapphire,Open,Round,45.50 mm,15.00 mm,,120.00 m,,Black,,Stick / Dot,Stick,"""12200""",,IW5005-05.jpg,processed_IW5005-05.jpg
IWC,Ingenieur,IW9245-03,Ingenieur SL Perpetual Calendar / English,"IWC caliber 35782
Hours, Minutes, Seconds | Date, Day, Leap Year, Month, Perpetual Calendar, Year Indicator | Moonphase",1987 - 1992,No,,Sapphire,Closed,Cushion,34.50 mm,,,30.00 m,,White,,Stick / Dot,Stick,,,IW9245-03.jpg,processed_IW9245-03.jpg
IWC,Ingenieur,IW3725-03,Ingenieur Chronograph AMG Bracelet,"IWC caliber 79350
Hours, Minutes | Chronograph",2005 - 2008,No,,Sapphire,Closed,Round,42.50 mm,13.50 mm,,120.00 m,,Black,,Stick / Dot,,"""6350""",,IW3725-03.jpg,processed_IW3725-03.jpg
IWC,Portofino,IW3563-05,Portofino Automatic Stainless Steel / Black,"IWC caliber 30110
Hours, Minutes, Seconds | Date",2007 - 2010,No,,Sapphire,Closed,Round,39.00 mm,8.60 mm,20.00 mm,30.00 m,,Black,,Stick / Dot,Feuille,"""2850""",,IW3563-05.jpg,processed_IW3563-05.jpg
IWC,Ingenieur,IW3725-01,Ingenieur Chronograph,"IWC caliber 79350
Hours, Minutes | Chronograph",2005 - 2008,No,,Sapphire,Closed,Round,42.50 mm,13.50 mm,,120.00 m,,Black,,Stick / Dot,Stick,"""6350""",,IW3725-01.jpg,processed_IW3725-01.jpg
IWC,Pilot,IW3777-09,Pilot's Watch Chronograph Stainless Steel / Black / Strap,"IWC caliber 79320
Hours, Minutes, Small Seconds | Date, Day | Chronograph",2016 - 2022,No,,Sapphire,Closed,Round,43.00 mm,15.00 mm,21.00 mm,60.00 m,,Black,,Arabic Numerals,Alpha,"""5600""",,IW3777-09.jpg,processed_IW3777-09.jpg
IWC,Portofino,IW344602,Portofino Perpetual Calendar Rose Gold / Silver,"IWC caliber 82650
Hours, Minutes, Seconds | Date, Day, Leap Year, Month | Moonphase",2022,No,,Sapphire,Open,Round,40.00 mm,12.70 mm,20.00 mm,30.00 m,,Silver,Matte,Stick / Dot,Feuille,"""36100""",,IW344602.jpg,processed_IW344602.jpg
IWC,Portofino,IW3783-03,Portofino Chronograph Stainless Steel / Black,"IWC caliber 79320
Hours, Minutes, Small Seconds | Date, Day | Chronograph",2007 - 2010,No,,Sapphire,Closed,Round,41.00 mm,13.50 mm,20.00 mm,30.00 m,,Black,,Stick / Dot,Feuille,"""3750""",,IW3783-03.jpg,processed_IW3783-03.jpg
IWC,Portofino,IW3783-02,Portofino Chronograph Stainless Steel / Silver,"IWC caliber 79320
Hours, Minutes, Small Seconds | Date, Day | Chronograph",2007 - 2010,No,,Sapphire,Closed,Round,41.00 mm,13.50 mm,20.00 mm,30.00 m,,Silver,,Stick / Dot,Feuille,"""3750""",,IW3783-02.jpg,processed_IW3783-02.jpg
IWC,Ingenieur,IW3224-04,Ingenieur Automatic Carbon Performance Ceramic Green,"IWC caliber 80110
Hours, Minutes, Seconds | Date",2014,"Yes, 1000 units",,Sapphire,Open,Round,46.00 mm,14.50 mm,,120.00 m,,Black,,Stick / Dot,Stick,"""19800""","Titanium, Ceramic, Carbon",IW3224-04.jpg,processed_IW3224-04.jpg
IWC,Portofino,IW3565-01,Portofino Automatic Stainless Steel / Silver,"IWC caliber 35111
Hours, Minutes, Seconds | Date",2011,No,,Sapphire,Closed,Round,40.00 mm,9.50 mm,20.00 mm,30.00 m,,Silver,,Stick / Dot,Feuille,"""4500""",,IW3565-01.jpg,processed_IW3565-01.jpg
IWC,Ingenieur,IW3234-01,Ingenieur Automatic Ceramic Bezel / Soft Strap,"IWC caliber 80111
Hours, Minutes, Seconds | Date",2007 - 2008,No,,Sapphire,Open,Round,44.00 mm,14.00 mm,,120.00 m,,Black,,Stick / Dot,Stick,"""7000""","Ceramic, Stainless Steel",IW3234-01.jpg,processed_IW3234-01.jpg
IWC,Portofino,IW3514-01,Portofino Automatic / Stainless Steel / White / Strap,"IWC caliber 37521 ND
Hours, Minutes, Seconds, World Time",1991 - 1998,No,,Sapphire,Closed,Round,34.00 mm,8.10 mm,18.00 mm,30.00 m,,White,,Stick / Dot,Stick,,,IW3514-01.jpg,processed_IW3514-01.jpg
IWC,Portofino,IW3513-20,Portofino Automatic Stainless Steel / White / Strap,"IWC caliber 37521
Hours, Minutes, Seconds, World Time | Date",1988 - 2002,No,,Sapphire,Closed,Round,34.00 mm,8.10 mm,18.00 mm,30.00 m,,White,,Stick / Dot,Stick,,,IW3513-20.jpg,processed_IW3513-20.jpg
IWC,Portugieser,IW3714-46,Portuguese Chrono-Automatic Stainless Steel / Silver,"IWC caliber 79350
Hours, Minutes | Chronograph",2012 - 2019,No,,Sapphire,Closed,Round,40.90 mm,12.30 mm,20.00 mm,30.00 m,,Silver,,Arabic Numerals,Feuille,"""7700""",,IW3714-46.jpg,processed_IW3714-46.jpg
IWC,Pilot,IW3717-01,Pilot's Watch Chronograph Stainless Steel / Black / Strap,"IWC caliber 79320
Hours, Minutes, Small Seconds | Date, Day | Chronograph",2006 - 2012,No,,Sapphire,Closed,Round,42.00 mm,14.70 mm,21.00 mm,60.00 m,,Black,,Arabic Numerals,Alpha,"""4500""",,IW3717-01.jpg,processed_IW3717-01.jpg
IWC,Portugieser,IW5001-07,Portuguese Automatic Stainless Steel / Silver,"IWC caliber 51011
Hours, Minutes, Small Seconds | Date | Power Reserve Indicator",2004 - 2015,No,,Sapphire,Open,Round,42.30 mm,13.90 mm,22.00 mm,30.00 m,,Silver,,Arabic Numerals,Feuille,"""12100""",,IW5001-07.jpg,processed_IW5001-07.jpg
IWC,Portofino,IW3565-02,Portofino Automatic Stainless Steel / Black,"IWC caliber 35111
Hours, Minutes, Seconds | Date",2011,No,,Sapphire,Closed,Round,40.00 mm,9.50 mm,20.00 mm,30.00 m,,Black,,Stick / Dot,Feuille,"""4500""",,IW3565-02.jpg,processed_IW3565-02.jpg
IWC,Ingenieur,IW3234-02,Ingenieur Automatic Climate Action,"IWC caliber 80111
Hours, Minutes, Seconds | Date",2008 - 2009,"Yes, 1000 units",,Sapphire,Open,Round,44.00 mm,14.00 mm,,120.00 m,,White,,Stick / Dot,,"""7650""","Ceramic, Stainless Steel",IW3234-02.jpg,processed_IW3234-02.jpg
IWC,Portugieser,IW3714-45,Portuguese Chrono-Automatic Stainless Steel / Silver,"IWC caliber 79350
Hours, Minutes | Chronograph",2011 - 2019,No,,Sapphire,Closed,Round,40.90 mm,12.30 mm,20.00 mm,30.00 m,,Silver,,Arabic Numerals,Feuille,"""7700""",,IW3714-45.jpg,processed_IW3714-45.jpg
IWC,Portugieser,IW5001-12,Portuguese Automatic Laureus,"IWC caliber 51011
Hours, Minutes, Small Seconds | Date | Power Reserve Indicator",2009 - 2009,"Yes, 1000 units",,,,Round,42.30 mm,13.90 mm,22.00 mm,30.00 m,,Blue,,Arabic Numerals,,"""11100""",,IW5001-12.jpg,processed_IW5001-12.jpg
IWC,Portofino,IW5101-06,Portofino Hand-Wound Eight Days Stainless Steel / Blue,"IWC caliber 59210
Hours, Minutes, Small Seconds | Date | Power Reserve Indicator",2011,No,,Sapphire,Open,Round,45.00 mm,12.00 mm,,30.00 m,,Blue,,Stick / Dot,Feuille,"""9950""",,IW5101-06.jpg,processed_IW5101-06.jpg
IWC,Pilot,IW3717-04,Pilot's Watch Chronograph Stainless Steel / Black / Bracelet,"IWC caliber 79320
Hours, Minutes, Small Seconds | Date, Day | Chronograph",2006 - 2012,No,,Sapphire,Closed,Round,42.00 mm,14.70 mm,21.00 mm,60.00 m,,Black,,Arabic Numerals,Alpha,"""5700""",,IW3717-04.jpg,processed_IW3717-04.jpg
IWC,Portofino,IW3910-07,Portofino Chronograph Stainless Steel / Silver,"IWC caliber 75320
Hours, Minutes, Small Seconds | Date, Day | Chronograph",2012 - 2019,No,,Sapphire,Closed,Round,42.00 mm,13.50 mm,,30.00 m,,Silver,,Stick / Dot,Feuille,"""5650""",,IW3910-07.jpg,processed_IW3910-07.jpg
IWC,Portofino,IW3565-05,Portofino Automatic Stainless Steel / Silver / Milanese,"IWC caliber 35111
Hours, Minutes, Seconds | Date",2011,No,,Sapphire,Closed,Round,40.00 mm,9.50 mm,20.00 mm,30.00 m,,Silver,,Stick / Dot,Feuille,"""5350""",,IW3565-05.jpg,processed_IW3565-05.jpg
IWC,Portofino,IW3565-04,Portofino Automatic Red Gold / Silver,"IWC caliber 35111
Hours, Minutes, Seconds | Date",2011,No,,Sapphire,Closed,Round,40.00 mm,9.50 mm,20.00 mm,30.00 m,,Silver,,Stick / Dot,Feuille,"""11600""",,IW3565-04.jpg,processed_IW3565-04.jpg
IWC,Pilot,IW3717-12,Pilot's Watch Spitfire Chronograph Laureus,"IWC caliber 79320
Hours, Minutes, Small Seconds | Date, Day | Chronograph",2007 - 2007,"Yes, 2500 units",,Sapphire,Closed,Round,42.00 mm,14.70 mm,21.00 mm,60.00 m,,Blue,,Arabic Numerals,Dauphine,"""4100""",,IW3717-12.jpg,processed_IW3717-12.jpg
Chopard,Alpine Eagle,295387-9001,Alpine Eagle XL Chronograph Rose Gold / TItanium / Black,"Chopard caliber Chopard 03.05-C
Hours, Minutes, Small Seconds | Date | Chronograph, Column wheel | Chronometer",2021,No,,Sapphire,Open,Round,44.00 mm,13.15 mm,,100.00 m,,Black,Sunburst,Mixed,Stick,"""40700""","Titanium, Rose Gold",295387-9001.jpg,processed_295387-9001.jpg
Chopard,L.U.C,161973-5001,L.U.C Perpetual Chrono Fairmined Rose Gold / Anthracite,"Chopard caliber L.U.C 03.10-L
Day / Night Indication, Hours, Minutes, Small Seconds | Big Date, Day, Leap Year, Month, Perpetual Calendar | Chronograph, Column wheel, Flyback | Moonphase | Chronometer",2016,"Yes, 20 units",,Sapphire,Open,Round,45.00 mm,15.00 mm,,30.00 m,Anthracite,Grey,,Roman Numerals,Proprietary,,,161973-5001.jpg,processed_161973-5001.jpg
Chopard,L.U.C,161902-1001,L.U.C XP White Gold,"Chopard caliber L.U.C 96.17-L
Hours, Minutes | Skeleton",2008,No,,Sapphire,Closed,Round,39.50 mm,6.98 mm,,30.00 m,,Black,,Mixed,Dauphine,,,161902-1001.jpg,processed_161902-1001.jpg
Chopard,Alpine Eagle,295363-5001,Alpine Eagle 41 Rose Gold / Blue,"Chopard caliber Chopard 01.01-C
Hours, Minutes, Seconds | Date | Chronometer",2020,No,,Sapphire,Open,Round,41.00 mm,,,100.00 m,Aletsch,Blue,Sunburst,Mixed,Stick,"""56300""",,295363-5001.jpg,processed_295363-5001.jpg
Chopard,L.U.C,168561-3001,L.U.C Perpetual Twin Stainless Steel / Silver,"Chopard caliber L.U.C 96.51-L
Hours, Minutes, Small Seconds | Big Date, Day, Leap Year, Month, Perpetual Calendar | Chronometer",2016,No,,Sapphire,Open,Round,43.00 mm,11.00 mm,,30.00 m,,Silver,,Roman Numerals,Dauphine,"""23400""",,168561-3001.jpg,processed_168561-3001.jpg
Chopard,L.U.C,161920-1004,L.U.C XPS White Gold,"Chopard caliber L.U.C 96.12-L
Hours, Minutes, Small Seconds | Chronometer",2011,No,,Sapphire,Open,Round,39.50 mm,7.13 mm,,30.00 m,,Silver,,Stick / Dot,Dauphine,,,161920-1004.jpg,processed_161920-1004.jpg
Chopard,Imperiale,384211-5001,Imperiale Chrono 40 mm Rose Gold / MOP / Alligator,"Frédéric Piguet caliber 1185
Hours, Minutes, Small Seconds | Date | Chronograph, Column wheel",2014,No,Gem-Set,Sapphire,Open,Round,40.00 mm,,,,,White,,Roman Numerals,Sword,"""20930""",,384211-5001.jpg,processed_384211-5001.jpg
Chopard,L.U.C,168554-3001,L.U.C 8HF,"Chopard caliber L.U.C 01.06-L
Hours, Minutes, Small Seconds | Date | Power Reserve Indicator",2012,"Yes, 100 units",,Sapphire,Open,Round,42.00 mm,11.20 mm,,100.00 m,,Silver,,Stick / Dot,Dauphine,,,168554-3001.jpg,processed_168554-3001.jpg
Chopard,Classic Racing,168523-3001,Superfast Chrono,"Chopard caliber Chopard 03.05-M
Hours, Minutes, Small Seconds | Date | Chronograph, Column wheel, Flyback | Chronometer",2013,No,Tachymeter,Sapphire,Closed,Round,45.00 mm,15.08 mm,,100.00 m,,Black,,Mixed,Stick,,,168523-3001.jpg,processed_168523-3001.jpg
Chopard,Alpine Eagle,295363-5002,Alpine Eagle 41 Rose Gold / Diamond / Grey,"Chopard caliber Chopard 01.01-C
Hours, Minutes, Seconds | Date | Chronometer",2020,No,Gem-Set,Sapphire,Open,Round,41.00 mm,,,100.00 m,Benrina,Grey,Sunburst,Mixed,Stick,"""62900""",,295363-5002.jpg,processed_295363-5002.jpg
Chopard,L.U.C,161289-1001,Classic Manufacture White Gold,"Chopard caliber Chopard 01.04-C
Hours, Minutes, Small Seconds",2017,No,,Sapphire,Open,Round,38.00 mm,9.66 mm,,30.00 m,,White,Gloss,Roman Numerals,Lancette,"""12910""",,161289-1001.jpg,processed_161289-1001.jpg
Chopard,L.U.C,161918-5002,L.U.C Lunar Big Date Rose Gold,"Chopard caliber L.U.C 96.20-L
Hours, Minutes, Small Seconds | Big Date | Moonphase | Chronometer",2009,"Yes, 500 units",,Sapphire,Open,Round,42.00 mm,,,30.00 m,,Silver,,Arabic Numerals,Dauphine,,,161918-5002.jpg,processed_161918-5002.jpg
Chopard,Alpine Eagle,3012-298600,Alpine Eagle 41 Stainless Steel / KSA,"Chopard caliber Chopard 01.01-C
Hours, Minutes, Seconds | Date | Chronometer",2022,"Yes, 33 units",,Sapphire,Open,Round,41.00 mm,,,100.00 m,Vals Grey,Grey,Sunburst,Mixed,Stick,,,3012-298600.jpg,processed_3012-298600.jpg
Chopard,Classic Racing,168535-3002,Superfast Chrono Porsche 919 Edition,"Chopard caliber Chopard 03.05-M
Hours, Minutes, Small Seconds | Date | Chronograph, Column wheel, Flyback | Chronometer",2014,"Yes, 919 units",Tachymeter,Sapphire,Open,Round,45.00 mm,15.18 mm,,100.00 m,,Silver,,Mixed,Stick,,,168535-3002.jpg,processed_168535-3002.jpg
Chopard,Alpine Eagle,298609-6001,Alpine Eagle XL Chronograph Stainless Steel - Rose Gold / Black / Bracelet,"Chopard caliber Chopard 03.05-C
Hours, Minutes, Small Seconds | Date | Chronograph, Column wheel | Chronometer",2021,No,,Sapphire,Open,Round,44.00 mm,13.15 mm,,100.00 m,,Black,Sunburst,Mixed,Stick,"""32400""","Rose Gold, Stainless Steel",298609-6001.jpg,processed_298609-6001.jpg
Chopard,Classic Racing,168550-6001,Mille Miglia Zagato Rose Gold Bezel,"ETA caliber 7754
Additional 24 Hour Hand (adjustable), Hours, Minutes, Small Seconds | Date | Chronograph",2013,"Yes, 500 units","Fixed, 24 Hour",Sapphire,Closed,Round,43.00 mm,15.00 mm,,50.00 m,,Black,,Stick / Dot,Stick,,"Rose Gold, Stainless Steel",168550-6001.jpg,processed_168550-6001.jpg
Chopard,Classic Racing,161284-5001,Superfast Chrono Rose Gold,"Chopard caliber Chopard 03.05-M
Hours, Minutes, Small Seconds | Date | Chronograph, Column wheel, Flyback | Chronometer",2012,No,Tachymeter,Sapphire,Open,Round,45.00 mm,15.18 mm,,100.00 m,,Black,,Mixed,Stick,,,161284-5001.jpg,processed_161284-5001.jpg
Chopard,Alpine Eagle,295363-5005,Alpine Eagle Frozen 41 Rose Gold,Chopard caliber Chopard 01.03-C,2022,No,Gem-Set,Sapphire,Open,Round,41.00 mm,,,100.00 m,,Diamonds,Sunburst,Mixed,Stick,,,295363-5005.jpg,processed_295363-5005.jpg
Chopard,L.U.C,161926-9001,L.U.C Quattro Platinum,"Chopard caliber L.U.C 98.01-L
Hours, Minutes, Small Seconds | Date | Power Reserve Indicator",2015,No,,Sapphire,Open,Round,43.00 mm,8.87 mm,,50.00 m,,Blue,,Roman Numerals,Dauphine,,"White Gold, Platinum",161926-9001.jpg,processed_161926-9001.jpg
Chopard,Alpine Eagle,295363-5004,Alpine Eagle Frozen 41 Rose Gold - Rainbow,Chopard caliber Chopard 01.03-C,2022,No,Gem-Set,Sapphire,Open,Round,41.00 mm,,,100.00 m,,Diamonds,Sunburst,Mixed,Stick,,,295363-5004.jpg,processed_295363-5004.jpg
Chopard,L.U.C,161920-1001,L.U.C XPS White Gold / Black,"Chopard caliber L.U.C 96.12-L
Hours, Minutes, Small Seconds | Chronometer",2009,No,,Sapphire,Open,Round,39.50 mm,7.13 mm,,30.00 m,,Black,,Stick / Dot,Dauphine,,,161920-1001.jpg,processed_161920-1001.jpg
Chopard,L.U.C,161920-5002,L.U.C XPS Rose Gold,"Chopard caliber L.U.C 96.12-L
Hours, Minutes, Small Seconds | Chronometer",2009,No,,Sapphire,Open,Round,39.50 mm,7.13 mm,,30.00 m,,Silver,,Stick / Dot,Dauphine,,,161920-5002.jpg,processed_161920-5002.jpg
Chopard,Classic Racing,168997-3001,Mille Miglia Gran Turismo XL Rubber,"ETA caliber A07.111
Hours, Minutes, Seconds | Date",2010,No,,Sapphire,Open,Round,44.00 mm,14.56 mm,23.00 mm,100.00 m,,Black,,Mixed,Stick,,,168997-3001.jpg,processed_168997-3001.jpg
Chopard,L.U.C,161963-9001,L.U.C 1963 Platinum,"Chopard caliber L.U.C 63.01-L
Hours, Minutes, Small Seconds | Chronometer",2014,"Yes, 50 units",,Sapphire,Open,Round,44.00 mm,11.50 mm,,50.00 m,,White,,Roman Numerals,Dauphine,,,161963-9001.jpg,processed_161963-9001.jpg
Chopard,Classic Racing,158511-6002,Mille Miglia Chronograph Two Tone / Black,"ETA caliber 2894-2
Hours, Minutes, Small Seconds | Date | Chronograph",2008,No,,Sapphire,Open,Round,42.00 mm,12.31 mm,20.00 mm,50.00 m,,Black,,Arabic Numerals,Stick,,"Rose Gold, Stainless Steel",158511-6002.jpg,processed_158511-6002.jpg
Chopard,Classic Racing,168571-3001,Mille Miglia GTS Chrono Rubber,"ETA caliber 7750
Hours, Minutes, Small Seconds | Date, Day | Chronograph",2015,No,Tachymeter,Sapphire,Closed,Round,44.00 mm,13.79 mm,21.00 mm,100.00 m,,Black,Matte,Stick / Dot,Stick,"""8050""",,168571-3001.jpg,processed_168571-3001.jpg
Chopard,Classic Racing,168570-3001,Grand Prix de Monaco Historique Chrono Strap,"ETA caliber A07.211
Hours, Minutes, Seconds | Date | Chronograph",2014,No,Tachymeter,Sapphire,Closed,Round,44.50 mm,14.10 mm,,100.00 m,,Silver,,Mixed,Stick,,"Titanium, Stainless Steel",168570-3001.jpg,processed_168570-3001.jpg
Chopard,Alpine Eagle,298601-3004,Alpine Eagle 36 Stainless Steel - Diamond / Blue,"Chopard caliber Chopard 09.01-C
Hours, Minutes, Seconds | Chronometer",2021,No,Gem-Set,Sapphire,Open,Round,36.00 mm,,,100.00 m,Aletsch,Blue,Sunburst,Mixed,Stick,,,298601-3004.jpg,processed_298601-3004.jpg
Chopard,Classic Racing,158511-6001,Mille Miglia Chronograph Two Tone / Silver,"ETA caliber 2894-2
Hours, Minutes, Small Seconds | Date | Chronograph",2008,No,,Sapphire,Open,Round,42.00 mm,12.31 mm,20.00 mm,50.00 m,,Silver,,Arabic Numerals,Stick,,"Rose Gold, Stainless Steel",158511-6001.jpg,processed_158511-6001.jpg
Chopard,Alpine Eagle,298600-3005,Alpine Eagle 41 Cadence 8HF Titanium / Grey / Bracelet,"Chopard caliber Chopard 01.01-C
Hours, Minutes, Seconds | Date | Chronometer",2021,"Yes, 250 units",,Sapphire,Open,Round,41.00 mm,9.75 mm,,100.00 m,Vals Grey,Grey,Sunburst,Mixed,Stick,"""22100""",,298600-3005.jpg,processed_298600-3005.jpg
Chopard,Alpine Eagle,298600-3001,Alpine Eagle 41 Stainless Steel / Blue,"Chopard caliber Chopard 01.01-C
Hours, Minutes, Seconds | Date | Chronometer",2019,No,,Sapphire,Open,Round,41.00 mm,,,100.00 m,Aletsch,Blue,Sunburst,Mixed,Stick,"""15300""",,298600-3001.jpg,processed_298600-3001.jpg
Chopard,Alpine Eagle,298600-3015,Alpine Eagle 41 Stainless Steel - Titanium / Salmon / Indonesia,"Chopard caliber Chopard 01.01-C
Hours, Minutes, Seconds | Date | Chronometer",2021,"Yes, 20 units",,Sapphire,Open,Round,41.00 mm,,,100.00 m,,Pink,Sunburst,Mixed,Stick,,"Titanium, Stainless Steel",298600-3015.jpg,processed_298600-3015.jpg
Chopard,Alpine Eagle,298601-3001,Alpine Eagle 36 Stainless Steel / Blue,"Chopard caliber Chopard 09.01-C
Hours, Minutes, Seconds | Chronometer",2019,No,,Sapphire,Open,Round,36.00 mm,,,100.00 m,Aletsch,Blue,Sunburst,Mixed,Stick,"""11700""",,298601-3001.jpg,processed_298601-3001.jpg
Chopard,L.U.C,162294-1001,L.U.C XP Tonneau White Gold,"Chopard caliber L.U.C 97.03-L
Hours, Minutes, Small Seconds | Date | Chronometer",2011,No,,Sapphire,Open,Tonneau,37.00 mm,7.22 mm,,50.00 m,,Silver,,Mixed,Dauphine,,,162294-1001.jpg,processed_162294-1001.jpg
Chopard,Classic Racing,168511-3001,Mille Miglia Chronograph Black / Rubber,"ETA caliber 2894-2
Hours, Minutes, Small Seconds | Date | Chronograph",2008,No,,Sapphire,Open,Round,42.00 mm,12.31 mm,20.00 mm,50.00 m,,Black,,Arabic Numerals,Stick,,,168511-3001.jpg,processed_168511-3001.jpg
Chopard,Classic Racing,168511-3015,Mille Miglia Chronograph Silver / Rubber,"ETA caliber 2894-2
Hours, Minutes, Small Seconds | Date | Chronograph",2008,No,,Sapphire,Open,Round,42.00 mm,12.31 mm,20.00 mm,50.00 m,,Silver,,Arabic Numerals,Stick,,,168511-3015.jpg,processed_168511-3015.jpg
Chopard,Alpine Eagle,295363-1001,Alpine Eagle Frozen 41 White Gold,Chopard caliber Chopard 01.03-C,2022,No,Gem-Set,Sapphire,Open,Round,41.00 mm,,,100.00 m,,Diamonds,Sunburst,Mixed,Stick,,,295363-1001.jpg,processed_295363-1001.jpg
Chopard,Imperiale,278559-3002,Happy Sport 36 Automatic Stainless Steel / Silver / Bracelet,"Sellita caliber SW300-1 a
Hours, Minutes, Seconds | Date",2014,No,Gem-Set,Sapphire,Open,Round,36.00 mm,10.00 mm,,30.00 m,,White,,Roman Numerals,Sword,"""8280""",,278559-3002.jpg,processed_278559-3002.jpg
Chopard,Classic Racing,168566-3001,Mille Miglia GTS Power Control Rubber,"Chopard caliber Chopard 01.08-C
Hours, Minutes, Seconds | Date | Power Reserve Indicator, Chronometer",2015,No,"Rotating, 0-60 (Dive)",Sapphire,Open,Round,43.00 mm,11.43 mm,21.00 mm,100.00 m,,Black,,Mixed,Stick,"""7350""",,168566-3001.jpg,processed_168566-3001.jpg
Chopard,L.U.C,161973-1001,L.U.C Perpetual Chrono White Gold / Grey,"Chopard caliber L.U.C 03.10-L
Day / Night Indication, Hours, Minutes, Small Seconds | Big Date, Day, Leap Year, Month, Perpetual Calendar | Chronograph, Column wheel, Flyback | Moonphase | Chronometer",2016,"Yes, 20 units",,Sapphire,Open,Round,45.00 mm,15.00 mm,,30.00 m,,Grey,,Roman Numerals,Dauphine,,,161973-1001.jpg,processed_161973-1001.jpg
Chopard,Alpine Eagle,298601-3002,Alpine Eagle 36 Stainless Steel - Diamond / MOP,"Chopard caliber Chopard 09.01-C
Hours, Minutes, Seconds | Chronometer",2019,No,Gem-Set,Sapphire,Open,Round,36.00 mm,,,100.00 m,,White,Gloss,Mixed,Stick,"""16500""",,298601-3002.jpg,processed_298601-3002.jpg
Chopard,Alpine Eagle,298600-3002,Alpine Eagle 41 Stainless Steel / Grey,"Chopard caliber Chopard 01.01-C
Hours, Minutes, Seconds | Date | Chronometer",2019,No,,Sapphire,Open,Round,41.00 mm,,,100.00 m,Bernina,Grey,Sunburst,Mixed,Stick,"""15300""",,298600-3002.jpg,processed_298600-3002.jpg
Chopard,Classic Racing,158992-3006,Grand Prix de Monaco Historique 2010 Race Edition Bracelet,"ETA caliber 7750
Hours, Minutes, Small Seconds | Date, Day | Chronograph",2010,No,Tachymeter,Sapphire,Open,Round,42.40 mm,14.67 mm,,50.00 m,,Silver,,Mixed,Stick,,,158992-3006.jpg,processed_158992-3006.jpg
Chopard,Alpine Eagle,295363-1002,Alpine Eagle Frozen 41 White Gold - Sapphire,Chopard caliber Chopard 01.03-C,2022,No,Gem-Set,Sapphire,Open,Round,41.00 mm,,,100.00 m,,Diamonds,Sunburst,Mixed,Stick,,,295363-1002.jpg,processed_295363-1002.jpg
Chopard,Classic Racing,168566-3002,Mille Miglia 2015 Race Edition,"Chopard caliber Chopard 01.08-C
Hours, Minutes, Seconds | Date | Power Reserve Indicator, Chronometer",2015,No,"Rotating, 0-60 (Dive)",,Open,Round,43.00 mm,11.00 mm,,100.00 m,Rossa Corsa,Red,,Mixed,Stick,,,168566-3002.jpg,processed_168566-3002.jpg
Chopard,Alpine Eagle,298600-3017,Alpine Eagle 41 Stainless Steel / Pine Green Middle East,"Chopard caliber Chopard 01.01-C
Hours, Minutes, Seconds | Date | Chronometer",2022,"Yes, 100 units",,Sapphire,Open,Round,41.00 mm,,,100.00 m,Pine Green,Green,Sunburst,Mixed,Stick,,,298600-3017.jpg,processed_298600-3017.jpg
Chopard,Alpine Eagle,298601-6002,Alpine Eagle 36 Stainless Steel - Rose Gold - Diamond / MOP,"Chopard caliber Chopard 09.01-C
Hours, Minutes, Seconds | Chronometer",2019,No,Gem-Set,Sapphire,Open,Round,36.00 mm,,,100.00 m,,White,Gloss,Mixed,Stick,"""24300""","Rose Gold, Stainless Steel",298601-6002.jpg,processed_298601-6002.jpg
Chopard,Classic Racing,161274-5006,Mille Miglia 2014 Race Edition Rose Gold,"ETA caliber 2894-2
Hours, Minutes, Small Seconds | Date | Chronograph",2014,"Yes, 250 units",,Sapphire,Open,Round,42.00 mm,12.00 mm,,50.00 m,,Beige,,Arabic Numerals,Stick,,,161274-5006.jpg,processed_161274-5006.jpg
Chopard,L.U.C,161923-1001,L.U.C Louis-Ulysse - The Tribute,"Chopard caliber L.U.C 06.01-L
Hours, Minutes, Small Seconds",2010,"Yes, 150 units",,Sapphire,Open,Round,49.60 mm,14.45 mm,,30.00 m,,White,,Roman Numerals,Dauphine,,,161923-1001.jpg,processed_161923-1001.jpg
Chopard,Alpine Eagle,295370-1001,Alpine Eagle Frozen 36 White Gold,"Chopard caliber Chopard 09.01-C
Hours, Minutes, Seconds | Chronometer",2020,No,Gem-Set,Sapphire,Open,Round,36.00 mm,,,100.00 m,,Diamonds,Gloss,Mixed,Stick,,,295370-1001.jpg,processed_295370-1001.jpg
Chopard,Imperiale,388531-3002,Imperiale 40 mm Stainless Steel / MOP / Diamond / Alligator,"Chopard caliber Chopard 01.01-C
Hours, Minutes, Seconds | Date | Chronometer",2014,No,Gem-Set,Sapphire,Closed,Round,40.00 mm,10.00 mm,,50.00 m,,White,,Roman Numerals,Sword,"""20420""",,388531-3002.jpg,processed_388531-3002.jpg
Chopard,Alpine Eagle,298601-6001,Alpine Eagle 36 Stainless Steel / Rose Gold / Grey,"Chopard caliber Chopard 09.01-C
Hours, Minutes, Seconds | Chronometer",2019,No,,Sapphire,Open,Round,36.00 mm,,,100.00 m,Bernina,Grey,Sunburst,Mixed,Stick,"""19100""","Rose Gold, Stainless Steel",298601-6001.jpg,processed_298601-6001.jpg
Chopard,Alpine Eagle,298600-6001,Alpine Eagle 41 Stainless Steel / Rose Gold / Grey,"Chopard caliber Chopard 01.01-C
Hours, Minutes, Seconds | Date | Chronometer",2019,No,,Sapphire,Open,Round,41.00 mm,,,100.00 m,Benrina,Grey,Sunburst,Mixed,Stick,"""24100""","Rose Gold, Stainless Steel",298600-6001.jpg,processed_298600-6001.jpg
Chopard,Classic Racing,161274-5005,Mille Miglia Chronograph Rose Gold / Black / Rubber,"ETA caliber 2894-2
Hours, Minutes, Small Seconds | Date | Chronograph",2008,No,,Sapphire,Open,Round,42.00 mm,12.31 mm,20.00 mm,50.00 m,,Black,,Arabic Numerals,Stick,,,161274-5005.jpg,processed_161274-5005.jpg
Chopard,Classic Racing,161274-5004,Mille Miglia Chronograph Rose Gold / Silver / Rubber,"ETA caliber 2894-2
Hours, Minutes, Small Seconds | Date | Chronograph",2008,No,,Sapphire,Open,Round,42.00 mm,12.31 mm,20.00 mm,50.00 m,,Silver,,Arabic Numerals,Stick,,,161274-5004.jpg,processed_161274-5004.jpg
Chopard,L.U.C,161928-1001,L.U.C Chrono One White Gold,"Chopard caliber L.U.C 03.03-L
Hours, Minutes, Small Seconds | Date | Chronograph, Column wheel, Flyback | Chronometer",2011,No,,Sapphire,Open,Round,44.00 mm,14.06 mm,,100.00 m,,Silver,,Roman Numerals,Dauphine,,,161928-1001.jpg,processed_161928-1001.jpg
Chopard,Alpine Eagle,298600-3018,Alpine Eagle 41 Stainless Steel / Burgundy / Qatar,"Chopard caliber Chopard 01.01-C
Hours, Minutes, Seconds | Date | Chronometer",2022,"Yes, 50 units",,Sapphire,Open,Round,41.00 mm,,,100.00 m,,Red,Sunburst,Mixed,Stick,,,298600-3018.jpg,processed_298600-3018.jpg
Chopard,Alpine Eagle,298600-3008,Alpine Eagle 41 Stainless Steel / Wempe,"Chopard caliber Chopard 01.01-C
Hours, Minutes, Seconds | Date | Chronometer",2020,"Yes, 100 units",,Sapphire,Open,Round,41.00 mm,,,100.00 m,,Silver,Sunburst,Mixed,Stick,,,298600-3008.jpg,processed_298600-3008.jpg
Chopard,Classic Racing,161291-5001,Superfast Power Control Rose Gold,"Chopard caliber Chopard 01.02-M
Hours, Minutes, Small Seconds | Date | Chronometer, Power Reserve Indicator",2012,No,"Fixed, 12 Hour",Sapphire,Open,Round,45.00 mm,12.40 mm,,100.00 m,,Black,,Mixed,Stick,,,161291-5001.jpg,processed_161291-5001.jpg
Chopard,Classic Racing,158511-3001,Mille Miglia Chronograph Silver / Bracelet,"ETA caliber 2894-2
Hours, Minutes, Small Seconds | Date | Chronograph",2008,No,,Sapphire,Open,Round,42.00 mm,12.31 mm,20.00 mm,50.00 m,,Silver,,Arabic Numerals,Stick,,,158511-3001.jpg,processed_158511-3001.jpg
Chopard,Classic Racing,168569-3001,Grand Prix de Monaco Historique Power Control Strap,"ETA caliber A07.211
Hours, Minutes, Seconds | Date | Chronograph",2014,No,"Rotating, 0-60 (Dive)",Sapphire,Closed,Round,44.50 mm,14.10 mm,,100.00 m,,Grey,,Mixed,Stick,,"Titanium, Stainless Steel",168569-3001.jpg,processed_168569-3001.jpg
Chopard,L.U.C,161932-9002,L.U.C XPS Platinum,"Chopard caliber L.U.C 96.12-L
Hours, Minutes, Small Seconds | Chronometer",2011,No,,Sapphire,Open,Round,39.50 mm,7.13 mm,,30.00 m,,Blue,,Stick / Dot,Dauphine,,,161932-9002.jpg,processed_161932-9002.jpg
Chopard,Imperiale,388531-3004,Imperiale 40 mm Stainless Steel / MOP / Diamond / Bracelet,"Chopard caliber Chopard 01.01-C
Hours, Minutes, Seconds | Date | Chronometer",2014,No,Gem-Set,Sapphire,Closed,Round,40.00 mm,10.00 mm,,50.00 m,,White,,Roman Numerals,Sword,"""22310""",,388531-3004.jpg,processed_388531-3004.jpg
Chopard,Classic Racing,158511-3002,Mille Miglia Chronograph Black / Bracelet,"ETA caliber 2894-2
Hours, Minutes, Small Seconds | Date | Chronograph",2008,No,,Sapphire,Open,Round,42.00 mm,12.31 mm,20.00 mm,50.00 m,,Black,,Arabic Numerals,Stick,,,158511-3002.jpg,processed_158511-3002.jpg
Chopard,Classic Racing,168511-3036,Mille Miglia 2014 Race Edition,"ETA caliber 2894-2
Hours, Minutes, Small Seconds | Date | Chronograph",2014,"Yes, 2014 units",,Sapphire,Open,Round,42.00 mm,12.00 mm,,50.00 m,,Beige,,Arabic Numerals,Stick,,,168511-3036.jpg,processed_168511-3036.jpg
Chopard,Alpine Eagle,295370-5005,Alpine Eagle Frozen 36 Rose Gold - Rainbow,"Chopard caliber Chopard 09.01-C
Hours, Minutes, Seconds | Chronometer",2022,No,,Sapphire,Open,Round,36.00 mm,,,100.00 m,Bernina,Grey,Sunburst,Mixed,Stick,,,295370-5005.jpg,processed_295370-5005.jpg
Chopard,L.U.C,168575-9001,L.U.C 8HF Power Control,"Chopard caliber L.U.C 01.09-L
Hours, Minutes, Small Seconds | Date | Chronometer, Power Reserve Indicator",2014,"Yes, 250 units",,Sapphire,Closed,Round,42.00 mm,11.00 mm,,100.00 m,,Black,,,,,"Titanium, Ceramic",168575-9001.jpg,processed_168575-9001.jpg
Chopard,Classic Racing,168459-3001,Mille Miglia Gran Turismo XL Chrono Black / Rubber,"ETA caliber A07.211
Hours, Minutes, Seconds | Date | Chronograph",2010,No,Tachymeter,Sapphire,Open,Round,44.00 mm,14.56 mm,23.00 mm,100.00 m,,Black,,Mixed,Stick,,,168459-3001.jpg,processed_168459-3001.jpg
Chopard,Alpine Eagle,298609-3001,Alpine Eagle XL Chronograph Stainless Steel / Blue / Bracelet,"Chopard caliber Chopard 03.05-C
Hours, Minutes, Small Seconds | Date | Chronograph, Column wheel | Chronometer",2021,No,,Sapphire,Open,Round,44.00 mm,13.15 mm,,100.00 m,Aletsch,Blue,Sunburst,Mixed,Stick,"""22300""",,298609-3001.jpg,processed_298609-3001.jpg
Chopard,Alpine Eagle,295370-5004,Alpine Eagle Frozen 36 Rose Gold - Diamond,"Chopard caliber Chopard 09.01-C
Hours, Minutes, Seconds | Chronometer",2022,No,,Sapphire,Open,Round,36.00 mm,,,100.00 m,Bernina,Grey,Sunburst,Mixed,Stick,,,295370-5004.jpg,processed_295370-5004.jpg
Chopard,Alpine Eagle,298609-3002,Alpine Eagle XL Chronograph Stainless Steel / Black / Bracelet,"Chopard caliber Chopard 03.05-C
Hours, Minutes, Small Seconds | Date | Chronograph, Column wheel | Chronometer",2021,No,,Sapphire,Open,Round,44.00 mm,13.15 mm,,100.00 m,,Black,Sunburst,Mixed,Stick,"""22300""",,298609-3002.jpg,processed_298609-3002.jpg
Chopard,Classic Racing,168580-3001,Mille Miglia 2016 XL Race Edition Stainless Steel / Leather,"Chopard caliber Chopard 03.05-C
Hours, Minutes, Small Seconds | Date | Chronograph, Column wheel | Chronometer",2016,"Yes, 1000 units",,Sapphire,Open,Round,46.00 mm,14.00 mm,,50.00 m,,Black,,Arabic Numerals,Stick,"""9660""",,168580-3001.jpg,processed_168580-3001.jpg
Chopard,Classic Racing,168565-3001,Mille Miglia GTS Automatic Rubber,"Chopard caliber Chopard 01.01-C
Hours, Minutes, Seconds | Date | Chronometer",2015,No,"Rotating, 0-60 (Dive)",Sapphire,Open,Round,43.00 mm,11.00 mm,,100.00 m,,Black,,Mixed,Stick,,,168565-3001.jpg,processed_168565-3001.jpg
Chopard,L.U.C,161902-5046,L.U.C XP Urushi Phoenix,"Chopard caliber L.U.C 96.17-L
Hours, Minutes | Skeleton",2011,No,,Sapphire,Open,Round,40.00 mm,7.00 mm,,30.00 m,Phoenix Urushi,Multi-Color,,,,,,161902-5046.jpg,processed_161902-5046.jpg
Chopard,Alpine Eagle,295370-5003,Alpine Eagle 36 Rose Gold / Diamond / Tahiti MOP,"Chopard caliber Chopard 09.01-C
Hours, Minutes, Seconds | Chronometer",2019,No,Gem-Set,Sapphire,Open,Round,36.00 mm,,,100.00 m,Tahiti,Grey,Gloss,Mixed,Stick,"""57200""",,295370-5003.jpg,processed_295370-5003.jpg
Chopard,L.U.C,161902-5057,L.U.C XP Urushi Plum Blossom,"Chopard caliber L.U.C 96.17-L
Hours, Minutes | Skeleton",2015,No,,Sapphire,Open,Round,39.50 mm,6.98 mm,,30.00 m,Plum Blossom Urushi,,,,Dauphine,,,161902-5057.jpg,processed_161902-5057.jpg
Chopard,Alpine Eagle,295370-5002,Alpine Eagle 36 Rose Gold - Diamond / MOP,"Chopard caliber Chopard 09.01-C
Hours, Minutes, Seconds | Chronometer",2019,No,Gem-Set,Sapphire,Open,Round,36.00 mm,,,100.00 m,,White,Gloss,Mixed,Stick,"""44200""",,295370-5002.jpg,processed_295370-5002.jpg
Chopard,L.U.C,121968-1001,L.U.C XPS 35mm White Gold,"Chopard caliber L.U.C 96.12-L
Hours, Minutes, Small Seconds | Chronometer",2014,No,,Sapphire,Open,Round,35.00 mm,7.10 mm,,5.00 m,,Silver,,Mixed,Dauphine,,,121968-1001.jpg,processed_121968-1001.jpg
Chopard,L.U.C,161902-5055,L.U.C XP Urushi Bamboo,"Chopard caliber L.U.C 96.17-L
Hours, Minutes | Skeleton",2015,No,,Sapphire,Open,Round,39.50 mm,6.98 mm,19.00 mm,30.00 m,Bamboo Urushi,Multi-Color,,,,,,161902-5055.jpg,processed_161902-5055.jpg
Chopard,Classic Racing,168550-3004,Mille Miglia Zagato,"ETA caliber 7754
Additional 24 Hour Hand (adjustable), Hours, Minutes, Small Seconds | Date | Chronograph",2013,"Yes, 500 units","Fixed, 24 Hour",Sapphire,Closed,Round,43.00 mm,15.00 mm,,50.00 m,,Silver,,Stick / Dot,Stick,,,168550-3004.jpg,processed_168550-3004.jpg
Chopard,Alpine Eagle,295370-5001,Alpine Eagle 36 Rose Gold / Grey,"Chopard caliber Chopard 09.01-C
Hours, Minutes, Seconds | Chronometer",2019,No,,Sapphire,Open,Round,36.00 mm,,,100.00 m,Bernina,Grey,Sunburst,Mixed,Stick,"""28400""",,295370-5001.jpg,processed_295370-5001.jpg
